generated_at,date,ticker,signal,signal_raw,strategy,confidence,confidence_score,composite_score,current_price,stop_loss_pct,stop_loss_price,take_profit_pct,take_profit_price,suggested_position_size_pct,signal_expires,sharpe,sortino,win_rate,profit_factor,annual_return_pct,annual_excess_pct,max_drawdown_pct,avg_holding_days,total_trades,backtest_period,rsi,vol_20,sma_50,sma_200,trend,volatility,notes
2026-03-13T13:56:48,2026-03-13,LRCX,HOLD,0,VWAP Trend,HIGH,6,181.97,209.49,8.5,0.0,17.0,0.0,0.0,2026-03-16,2.37,1.97,75.0,3.51,80.96,-95.68,-21.25,3.8,28,2025-03-12 to 2026-03-12 (252 days),42.9,0.5325,221.7,147.77,BULLISH,HIGH,Strong trend (ADX=34)
2026-03-13T13:57:13,2026-03-13,LOW,HOLD,0,VWAP Trend,HIGH,6,180.13,239.45,4.6,0.0,9.2,0.0,0.0,2026-03-20,1.36,1.76,60.0,1.94,26.3,19.29,-10.04,7.3,25,2025-03-12 to 2026-03-12 (252 days),25.8,0.2695,266.65,244.69,BULLISH,MEDIUM,RSI oversold; Strong trend (ADX=59)
2026-03-13T13:58:06,2026-03-13,TFC,HOLD,0,ADX Trend Following,HIGH,5,171.01,44.37,5.7,0.0,11.4,0.0,0.0,2026-04-01,2.04,2.38,81.8,6.26,33.38,16.58,-6.7,19.0,11,2025-03-12 to 2026-03-12 (252 days),26.6,0.3218,50.33,45.33,BULLISH,MEDIUM,RSI oversold; High volume; Price at statistical extreme; Strong trend (ADX=49)
2026-03-13T13:57:34,2026-03-13,PWR,HOLD,0,VWAP Trend,HIGH,6,169.36,566.91,5.7,0.0,11.4,0.0,0.0,2026-03-15,2.75,4.13,70.3,5.14,74.53,-54.06,-11.9,2.8,37,2025-03-12 to 2026-03-12 (252 days),62.2,0.3768,499.15,428.47,BULLISH,MEDIUM,No special conditions
2026-03-13T13:56:46,2026-03-13,CAT,HOLD,0,VWAP Trend,HIGH,6,164.6,700.69,6.24,0.0,12.48,0.0,0.0,2026-03-17,1.81,1.64,60.7,2.75,35.2,-75.5,-12.46,4.2,28,2025-03-12 to 2026-03-12 (252 days),46.0,0.3259,686.2,521.84,BULLISH,MEDIUM,No special conditions
2026-03-13T13:57:36,2026-03-13,FDX,HOLD,0,VWAP Trend,HIGH,6,164.44,353.13,4.36,0.0,8.72,0.0,0.0,2026-03-20,1.58,1.73,67.9,3.03,47.77,-0.7,-15.11,7.4,28,2025-03-12 to 2026-03-12 (252 days),42.6,0.2409,342.06,264.95,BULLISH,MEDIUM,Strong trend (ADX=50)
2026-03-13T13:57:32,2026-03-13,SNDK,HOLD,0,ADX Trend Following,HIGH,5,164.24,618.82,11.99,0.0,23.98,0.0,0.0,2026-04-17,3.7,5.32,85.7,134.47,1439.57,300.41,-30.78,35.6,7,2025-03-12 to 2026-03-12 (252 days),54.3,0.8598,522.09,216.0,BULLISH,HIGH,No special conditions
2026-03-13T13:57:23,2026-03-13,SBUX,BUY,1,VWAP Trend,HIGH,6,163.36,100.18,4.01,96.16,8.02,108.21,12.0,2026-03-24,1.47,2.17,71.4,3.09,35.85,31.52,-12.03,11.2,21,2025-03-12 to 2026-03-12 (252 days),61.0,0.2274,94.26,88.21,BULLISH,MEDIUM,High volume
2026-03-13T13:56:41,2026-03-13,JNJ,HOLD,0,VWAP Trend,MEDIUM,3,160.15,242.04,2.76,0.0,5.52,0.0,0.0,2026-03-17,0.49,0.31,63.0,1.38,5.42,-47.61,-10.97,4.1,27,2025-03-12 to 2026-03-12 (252 days),55.6,0.1694,229.36,190.04,BULLISH,LOW,No special conditions
2026-03-13T13:56:50,2026-03-13,MCD,HOLD,0,VWAP Trend,MEDIUM,2,159.3,323.91,2.55,0.0,5.1,0.0,0.0,2026-03-15,0.33,0.25,51.6,1.23,2.95,-7.78,-9.7,2.7,31,2025-03-12 to 2026-03-12 (252 days),47.0,0.1787,317.95,304.88,BULLISH,LOW,No special conditions
2026-03-13T13:57:27,2026-03-13,CME,HOLD,0,VWAP Trend,HIGH,5,157.92,311.19,3.59,0.0,7.18,0.0,0.0,2026-03-15,0.94,0.73,60.0,1.53,9.07,-16.9,-7.72,2.2,35,2025-03-12 to 2026-03-12 (252 days),59.6,0.2566,287.86,270.18,BULLISH,MEDIUM,No special conditions
2026-03-13T13:56:58,2026-03-13,GILD,HOLD,0,VWAP Trend,HIGH,5,157.65,145.21,3.75,0.0,7.5,0.0,0.0,2026-03-16,1.42,1.8,53.3,2.32,25.39,-5.7,-9.37,3.2,30,2025-03-12 to 2026-03-12 (252 days),49.2,0.2582,139.47,121.16,BULLISH,MEDIUM,No special conditions
2026-03-13T13:56:45,2026-03-13,KO,HOLD,0,VWAP Trend,HIGH,4,154.53,77.61,2.59,0.0,5.18,0.0,0.0,2026-03-16,0.6,0.57,57.6,1.35,5.58,-8.72,-9.82,3.4,33,2025-03-12 to 2026-03-12 (252 days),49.2,0.1435,75.3,70.41,BULLISH,LOW,No special conditions
2026-03-13T13:57:27,2026-03-13,CEG,HOLD,0,VWAP Trend,HIGH,6,150.35,301.55,7.26,0.0,14.52,0.0,0.0,2026-03-17,1.91,2.1,55.2,3.05,77.79,36.86,-20.32,4.1,29,2025-03-12 to 2026-03-12 (252 days),46.2,0.4776,306.73,328.84,BEARISH,HIGH,Strong trend (ADX=34)
2026-03-13T13:57:55,2026-03-13,MPC,HOLD,0,ADX Trend Following,HIGH,5,144.95,230.07,6.13,0.0,12.26,0.0,0.0,2026-03-28,1.46,1.21,81.8,2.6,39.21,-32.54,-13.91,15.7,11,2025-03-12 to 2026-03-12 (252 days),72.4,0.4332,190.27,180.18,BULLISH,HIGH,RSI overbought; High volume; Strong trend (ADX=54)
2026-03-13T13:56:57,2026-03-13,C,HOLD,0,VWAP Trend,HIGH,6,144.19,105.5,6.68,0.0,13.36,0.0,0.0,2026-03-16,3.37,4.31,64.5,6.51,68.94,9.35,-5.3,3.3,31,2025-03-12 to 2026-03-12 (252 days),38.7,0.4207,114.76,99.73,BULLISH,HIGH,Strong trend (ADX=33)
2026-03-13T13:58:00,2026-03-13,SLB,BUY,1,VWAP Trend,HIGH,6,142.44,44.56,6.45,41.69,12.9,50.31,12.0,2026-03-20,1.49,2.2,56.2,2.41,38.26,23.54,-13.47,7.1,32,2025-03-12 to 2026-03-12 (252 days),32.4,0.3703,47.87,38.01,BULLISH,MEDIUM,Price at statistical extreme; Strong trend (ADX=41)
2026-03-13T13:57:20,2026-03-13,BMY,HOLD,0,VWAP Trend,MEDIUM,3,141.04,58.95,3.25,0.0,6.5,0.0,0.0,2026-03-21,0.56,0.7,48.1,1.38,10.09,6.53,-16.71,8.0,27,2025-03-12 to 2026-03-12 (252 days),45.4,0.1938,57.96,49.26,BULLISH,LOW,Price at statistical extreme
2026-03-13T13:57:45,2026-03-13,ABNB,HOLD,0,VWAP Trend,HIGH,5,140.63,127.7,6.25,0.0,12.5,0.0,0.0,2026-03-19,1.22,1.36,48.0,1.7,25.98,25.07,-17.04,6.9,25,2025-03-12 to 2026-03-12 (252 days),45.7,0.4133,130.62,128.57,BULLISH,HIGH,No special conditions
2026-03-13T13:57:31,2026-03-13,HWM,HOLD,0,VWAP Trend,HIGH,6,140.37,243.82,4.69,0.0,9.38,0.0,0.0,2026-03-15,2.58,3.32,63.0,3.72,41.92,-49.63,-5.21,2.7,27,2025-03-12 to 2026-03-12 (252 days),48.0,0.3318,231.47,198.49,BULLISH,MEDIUM,Strong trend (ADX=36)
2026-03-13T13:56:48,2026-03-13,RTX,HOLD,0,VWAP Trend,HIGH,6,139.94,203.04,4.46,0.0,8.92,0.0,0.0,2026-03-16,2.63,3.85,61.8,4.46,52.22,-9.44,-6.83,3.6,34,2025-03-12 to 2026-03-12 (252 days),50.8,0.3086,198.19,168.94,BULLISH,MEDIUM,No special conditions
2026-03-13T13:57:45,2026-03-13,ITW,HOLD,0,VWAP Trend,HIGH,5,139.04,265.62,3.38,0.0,6.76,0.0,0.0,2026-03-20,0.87,0.95,62.5,1.94,13.78,5.39,-9.96,7.5,24,2025-03-12 to 2026-03-12 (252 days),29.9,0.1393,273.59,256.37,BULLISH,LOW,RSI oversold; Price at statistical extreme; Strong trend (ADX=57)
2026-03-13T13:57:56,2026-03-13,WBD,HOLD,0,VWAP Trend,HIGH,6,135.01,27.43,1.74,0.0,3.48,0.0,0.0,2026-03-17,2.61,5.21,70.6,6.58,194.29,30.03,-7.45,4.0,34,2025-03-12 to 2026-03-12 (252 days),39.3,0.1683,28.2,19.84,BULLISH,LOW,Strong trend (ADX=38)
2026-03-13T13:57:31,2026-03-13,CVS,HOLD,0,Z-Score Mean Reversion,HIGH,5,134.18,76.07,4.49,0.0,8.98,0.0,0.0,2026-03-31,2.53,2.26,100.0,429.6,51.15,29.26,-9.58,18.5,6,2025-03-12 to 2026-03-12 (252 days),44.5,0.2732,78.12,72.88,BULLISH,MEDIUM,No special conditions
2026-03-13T13:57:06,2026-03-13,ADI,HOLD,0,VWAP Trend,HIGH,6,133.82,307.27,5.08,0.0,10.16,0.0,0.0,2026-03-16,1.93,1.83,59.4,2.34,48.38,-2.85,-17.11,3.5,32,2025-03-12 to 2026-03-12 (252 days),35.5,0.3286,317.12,259.6,BULLISH,MEDIUM,Strong trend (ADX=48)
2026-03-13T13:57:34,2026-03-13,MAR,HOLD,0,VWAP Trend,HIGH,6,132.39,316.31,5.03,0.0,10.06,0.0,0.0,2026-03-16,1.58,1.5,60.0,2.57,33.03,1.93,-15.41,3.5,30,2025-03-12 to 2026-03-12 (252 days),37.2,0.2508,329.31,287.23,BULLISH,MEDIUM,Strong trend (ADX=45)
2026-03-13T13:57:28,2026-03-13,NOC,HOLD,0,VWAP Trend,MEDIUM,3,131.9,736.3,4.4,0.0,8.8,0.0,0.0,2026-03-16,0.5,0.34,69.0,1.38,8.0,-49.75,-15.82,3.6,29,2025-03-12 to 2026-03-12 (252 days),56.4,0.3397,682.51,587.47,BULLISH,MEDIUM,No special conditions
2026-03-13T13:56:47,2026-03-13,AMAT,HOLD,0,VWAP Trend,HIGH,6,131.62,337.27,7.58,0.0,15.16,0.0,0.0,2026-03-19,1.42,1.24,64.0,2.0,46.32,-82.72,-18.37,6.4,25,2025-03-12 to 2026-03-12 (252 days),46.9,0.5872,329.46,234.44,BULLISH,HIGH,No special conditions
2026-03-13T13:57:08,2026-03-13,HON,HOLD,0,VWAP Trend,HIGH,5,131.58,233.4,3.74,0.0,7.48,0.0,0.0,2026-03-21,1.11,1.25,54.2,1.98,20.66,-2.02,-13.28,8.3,24,2025-03-12 to 2026-03-12 (252 days),46.4,0.214,226.74,207.9,BULLISH,MEDIUM,Price at statistical extreme; Strong trend (ADX=31)
2026-03-13T13:57:44,2026-03-13,MSI,HOLD,0,VWAP Trend,HIGH,5,130.83,462.63,3.0,0.0,6.0,0.0,0.0,2026-03-20,1.3,1.42,53.8,2.01,21.15,7.82,-13.01,7.8,26,2025-03-12 to 2026-03-12 (252 days),58.6,0.3308,425.46,423.65,BULLISH,MEDIUM,Strong trend (ADX=34)
2026-03-13T13:57:25,2026-03-13,MDT,EXIT,-1,VWAP Trend,HIGH,6,127.06,87.38,3.83,90.73,7.66,80.69,12.0,2026-03-17,1.84,2.3,64.3,3.17,26.13,27.64,-4.99,4.8,28,2025-03-12 to 2026-03-12 (252 days),22.9,0.2237,98.07,93.49,BULLISH,MEDIUM,RSI oversold; Price at statistical extreme; Strong trend (ADX=53)
2026-03-13T13:57:28,2026-03-13,SO,HOLD,0,VWAP Trend,MEDIUM,2,124.98,97.84,2.45,0.0,4.9,0.0,0.0,2026-03-16,0.27,0.25,48.3,1.15,2.44,-11.57,-8.91,3.9,29,2025-03-12 to 2026-03-12 (252 days),66.4,0.233,90.94,90.5,BULLISH,MEDIUM,No special conditions
2026-03-13T13:56:52,2026-03-13,PEP,HOLD,0,VWAP Trend,HIGH,5,123.24,158.86,3.03,0.0,6.06,0.0,0.0,2026-03-19,1.27,1.72,51.9,1.94,23.42,11.86,-14.55,6.5,27,2025-03-12 to 2026-03-12 (252 days),45.9,0.1899,154.63,143.22,BULLISH,LOW,No special conditions
2026-03-13T13:58:02,2026-03-13,SRE,HOLD,0,Z-Score Mean Reversion,HIGH,5,122.99,93.19,3.48,0.0,6.96,0.0,0.0,2026-04-03,2.31,2.26,100.0,302.01,33.83,-5.94,-4.05,21.3,6,2025-03-12 to 2026-03-12 (252 days),53.2,0.177,90.42,85.16,BULLISH,LOW,No special conditions
2026-03-13T13:57:51,2026-03-13,CSX,HOLD,0,MACD Crossover,HIGH,5,122.88,39.22,3.9,0.0,7.8,0.0,0.0,2026-04-06,2.17,2.46,62.5,5.11,41.52,6.61,-9.62,24.4,8,2025-03-12 to 2026-03-12 (252 days),40.7,0.2508,38.9,35.38,BULLISH,MEDIUM,Price at statistical extreme; Strong trend (ADX=49)
2026-03-13T13:57:32,2026-03-13,EQIX,HOLD,0,VWAP Trend,HIGH,5,122.14,971.47,3.72,0.0,7.44,0.0,0.0,2026-03-22,1.58,2.73,48.3,2.43,37.45,21.12,-12.19,9.6,29,2025-03-12 to 2026-03-12 (252 days),66.1,0.4286,859.8,805.74,BULLISH,HIGH,Strong trend (ADX=31)
2026-03-13T13:57:12,2026-03-13,BKNG,HOLD,0,VWAP Trend,HIGH,6,119.32,4217.71,6.57,0.0,13.14,0.0,0.0,2026-03-16,1.06,1.29,60.7,2.39,21.34,24.77,-8.6,3.4,28,2025-03-12 to 2026-03-12 (252 days),43.1,0.5416,4708.31,5193.69,BEARISH,HIGH,No special conditions
2026-03-13T13:57:42,2026-03-13,MMM,HOLD,0,Stochastic Oscillator,HIGH,5,119.27,149.1,4.33,0.0,8.66,0.0,0.0,2026-04-01,1.72,1.95,100.0,444.46,41.98,40.91,-8.84,19.7,6,2025-03-12 to 2026-03-12 (252 days),33.0,0.2591,162.34,157.15,BULLISH,MEDIUM,Strong trend (ADX=34)
2026-03-13T13:57:01,2026-03-13,ANET,HOLD,0,ADX Trend Following,HIGH,5,115.56,134.03,6.94,0.0,13.88,0.0,0.0,2026-03-31,1.62,1.68,85.7,9.58,58.27,-9.09,-14.31,18.3,7,2025-03-12 to 2026-03-12 (252 days),49.1,0.5659,134.68,128.86,BULLISH,HIGH,No special conditions
2026-03-13T13:56:39,2026-03-13,LLY,BUY,1,Z-Score Mean Reversion,HIGH,5,115.07,977.25,4.52,933.08,9.04,1065.59,12.0,2026-04-06,1.84,1.69,100.0,577.38,72.41,52.54,-18.64,24.6,7,2025-03-12 to 2026-03-12 (252 days),40.7,0.3065,1039.68,883.87,BULLISH,MEDIUM,No special conditions
2026-03-13T13:57:54,2026-03-13,PSX,HOLD,0,Stochastic Oscillator,HIGH,5,114.64,174.09,5.06,0.0,10.12,0.0,0.0,2026-03-31,1.87,1.87,100.0,355.45,41.0,-4.79,-6.71,18.6,5,2025-03-12 to 2026-03-12 (252 days),74.9,0.3118,148.95,132.44,BULLISH,MEDIUM,RSI overbought; High volume; Price at statistical extreme; Strong trend (ADX=50)
2026-03-13T13:56:41,2026-03-13,MU,HOLD,0,VWAP Trend,HIGH,6,114.56,405.35,9.25,0.0,18.5,0.0,0.0,2026-03-17,1.34,1.14,58.1,1.96,52.07,-275.61,-30.46,4.0,31,2025-03-12 to 2026-03-12 (252 days),52.1,0.5991,385.2,221.24,BULLISH,HIGH,No special conditions
2026-03-13T13:56:53,2026-03-13,VZ,HOLD,0,VWAP Trend,HIGH,6,114.08,50.63,2.85,0.0,5.7,0.0,0.0,2026-03-17,1.13,1.14,56.7,1.84,12.13,-15.01,-5.98,4.2,30,2025-03-12 to 2026-03-12 (252 days),68.0,0.1738,44.95,41.85,BULLISH,LOW,Strong trend (ADX=48)
2026-03-13T13:57:11,2026-03-13,UNP,HOLD,0,MACD Crossover,HIGH,5,113.67,244.1,3.58,0.0,7.16,0.0,0.0,2026-04-04,1.08,1.16,62.5,2.66,16.88,11.65,-8.12,22.6,8,2025-03-12 to 2026-03-12 (252 days),36.7,0.1878,244.77,228.72,BULLISH,LOW,Price at statistical extreme; Strong trend (ADX=51)
2026-03-13T13:56:37,2026-03-13,AVGO,HOLD,0,VWAP Trend,HIGH,6,113.4,335.97,6.37,0.0,12.74,0.0,0.0,2026-03-17,1.56,1.5,60.9,2.67,53.14,-21.79,-21.13,4.8,23,2025-03-12 to 2026-03-12 (252 days),52.6,0.3455,333.62,322.24,BULLISH,MEDIUM,No special conditions
2026-03-13T13:57:19,2026-03-13,VRTX,HOLD,0,Z-Score Mean Reversion,HIGH,4,112.6,478.13,4.88,0.0,9.76,0.0,0.0,2026-04-09,0.61,0.34,80.0,2.22,13.42,16.92,-22.39,27.8,5,2025-03-12 to 2026-03-12 (252 days),51.2,0.469,469.16,438.07,BULLISH,HIGH,No special conditions
2026-03-13T13:57:14,2026-03-13,CB,HOLD,0,Z-Score Mean Reversion,HIGH,5,111.87,329.56,2.93,0.0,5.86,0.0,0.0,2026-04-12,1.33,1.26,80.0,6.82,16.68,-0.2,-8.19,30.2,5,2025-03-12 to 2026-03-12 (252 days),52.6,0.1909,319.26,292.93,BULLISH,LOW,No special conditions
2026-03-13T13:56:38,2026-03-13,META,HOLD,0,Bollinger Band Mean Reversion,HIGH,5,110.11,638.18,4.22,0.0,8.44,0.0,0.0,2026-04-08,1.37,1.5,100.0,346.02,38.57,35.23,-17.26,26.8,4,2025-03-12 to 2026-03-12 (252 days),43.3,0.2491,655.31,691.15,BEARISH,MEDIUM,No special conditions
2026-03-13T13:56:55,2026-03-13,NEE,HOLD,0,VWAP Trend,HIGH,6,109.55,91.73,3.53,0.0,7.06,0.0,0.0,2026-03-17,1.4,1.35,59.4,2.25,24.3,-5.37,-7.41,4.4,32,2025-03-12 to 2026-03-12 (252 days),54.7,0.2286,87.38,78.57,BULLISH,MEDIUM,No special conditions
2026-03-13T13:57:52,2026-03-13,CI,BUY,1,Z-Score Mean Reversion,HIGH,5,108.97,265.88,4.28,254.5,8.56,288.64,12.0,2026-04-21,1.28,1.21,100.0,283.6,28.16,40.92,-15.35,39.4,5,2025-03-12 to 2026-03-12 (252 days),38.8,0.2432,278.27,286.23,BEARISH,MEDIUM,Strong trend (ADX=47)
2026-03-13T13:57:59,2026-03-13,LHX,HOLD,0,VWAP Trend,MEDIUM,2,108.09,357.88,4.74,0.0,9.48,0.0,0.0,2026-03-16,0.5,0.47,42.9,1.29,6.72,-67.88,-18.26,3.3,28,2025-03-12 to 2026-03-12 (252 days),51.9,0.3457,344.96,291.07,BULLISH,MEDIUM,No special conditions
2026-03-13T13:56:39,2026-03-13,WMT,HOLD,0,Stochastic Oscillator,HIGH,5,107.94,125.33,3.58,0.0,7.16,0.0,0.0,2026-04-11,2.22,2.45,100.0,388.18,45.26,-3.48,-8.88,29.2,5,2025-03-12 to 2026-03-12 (252 days),51.2,0.3023,122.28,107.11,BULLISH,MEDIUM,No special conditions
2026-03-13T13:56:44,2026-03-13,BAC,HOLD,0,Bollinger Band Mean Reversion,HIGH,5,107.62,47.13,5.32,0.0,10.64,0.0,0.0,2026-05-01,2.93,2.8,100.0,569.08,70.09,49.25,-7.7,49.5,4,2025-03-12 to 2026-03-12 (252 days),31.0,0.2924,52.54,50.05,BULLISH,MEDIUM,Strong trend (ADX=42)
2026-03-13T13:56:52,2026-03-13,GEV,HOLD,0,Z-Score Mean Reversion,HIGH,5,107.58,832.11,6.7,0.0,13.4,0.0,0.0,2026-04-02,2.04,2.2,100.0,599.91,72.73,-107.67,-8.94,20.0,5,2025-03-12 to 2026-03-12 (252 days),54.7,0.3977,754.15,629.03,BULLISH,MEDIUM,No special conditions
2026-03-13T13:58:02,2026-03-13,DLR,EXIT,-1,VWAP Trend,HIGH,4,106.64,180.4,3.74,187.15,7.48,166.91,12.0,2026-03-18,0.96,0.98,53.6,1.66,15.2,-7.51,-11.24,5.8,28,2025-03-12 to 2026-03-12 (252 days),59.7,0.2289,168.62,167.32,BULLISH,MEDIUM,No special conditions
2026-03-13T13:56:47,2026-03-13,MRK,HOLD,0,VWAP Trend,HIGH,5,106.35,115.91,3.93,0.0,7.86,0.0,0.0,2026-03-21,1.53,1.82,50.0,2.19,38.43,9.46,-11.92,8.8,22,2025-03-12 to 2026-03-12 (252 days),45.5,0.2498,114.71,92.63,BULLISH,MEDIUM,No special conditions
2026-03-13T13:57:14,2026-03-13,SYK,BUY,1,Stochastic Oscillator,HIGH,5,105.67,337.21,4.48,322.1,8.96,367.42,12.0,2026-04-11,1.27,1.29,100.0,202.1,21.89,28.38,-10.62,29.3,6,2025-03-12 to 2026-03-12 (252 days),26.7,0.251,364.9,372.66,BEARISH,MEDIUM,RSI oversold; High volume; Price at statistical extreme; Strong trend (ADX=53)
2026-03-13T13:57:23,2026-03-13,IBKR,HOLD,0,Z-Score Mean Reversion,HIGH,5,105.03,66.92,7.11,0.0,14.22,0.0,0.0,2026-04-07,1.51,1.47,100.0,538.12,56.25,-1.24,-19.81,25.8,6,2025-03-12 to 2026-03-12 (252 days),38.5,0.3525,72.23,65.1,BULLISH,MEDIUM,Strong trend (ADX=31)
2026-03-13T13:57:06,2026-03-13,PFE,HOLD,0,Stochastic Oscillator,HIGH,5,104.58,26.86,3.33,0.0,6.66,0.0,0.0,2026-04-16,1.08,1.13,80.0,3.79,21.38,9.27,-17.94,34.4,5,2025-03-12 to 2026-03-12 (252 days),50.5,0.1933,26.27,24.53,BULLISH,LOW,No special conditions
2026-03-13T13:57:41,2026-03-13,USB,HOLD,0,VWAP Trend,HIGH,6,104.05,51.48,5.24,0.0,10.48,0.0,0.0,2026-03-18,1.42,1.15,60.7,2.17,27.44,-1.65,-15.11,5.0,28,2025-03-12 to 2026-03-12 (252 days),32.9,0.3009,55.81,48.97,BULLISH,MEDIUM,Strong trend (ADX=44)
2026-03-13T13:56:49,2026-03-13,MS,BUY,1,VWAP Trend,HIGH,6,103.91,154.37,6.51,144.32,13.02,174.47,12.0,2026-03-16,1.23,1.17,56.7,2.07,28.06,-11.17,-13.88,3.8,30,2025-03-12 to 2026-03-12 (252 days),31.4,0.4241,176.17,157.43,BULLISH,HIGH,Price at statistical extreme; Strong trend (ADX=41)
2026-03-13T13:57:59,2026-03-13,TRV,HOLD,0,VWAP Trend,MEDIUM,3,102.94,302.01,3.14,0.0,6.28,0.0,0.0,2026-03-15,0.38,0.32,58.1,1.21,2.63,-19.22,-7.18,2.2,31,2025-03-12 to 2026-03-12 (252 days),53.9,0.1395,291.15,275.9,BULLISH,LOW,No special conditions
2026-03-13T13:58:03,2026-03-13,SPG,BUY,1,Z-Score Mean Reversion,HIGH,5,102.57,187.57,3.36,181.27,6.72,200.17,12.0,2026-03-30,1.62,1.61,100.0,269.27,27.92,9.1,-8.45,17.0,6,2025-03-12 to 2026-03-12 (252 days),38.5,0.2249,189.94,174.51,BULLISH,MEDIUM,Strong trend (ADX=35)
2026-03-13T13:57:52,2026-03-13,AEP,HOLD,0,MACD Crossover,HIGH,4,102.15,132.22,2.75,0.0,5.5,0.0,0.0,2026-04-08,1.71,2.05,50.0,3.72,24.08,-8.77,-8.18,26.0,8,2025-03-12 to 2026-03-12 (252 days),63.5,0.2126,122.9,113.28,BULLISH,MEDIUM,Strong trend (ADX=34)
2026-03-13T13:57:33,2026-03-13,TT,HOLD,0,VWAP Trend,HIGH,6,102.11,421.82,4.39,0.0,8.78,0.0,0.0,2026-03-16,1.04,1.01,58.8,1.73,23.34,-1.92,-11.77,3.2,34,2025-03-12 to 2026-03-12 (252 days),40.3,0.2723,423.5,421.3,BULLISH,MEDIUM,Strong trend (ADX=38)
2026-03-13T13:56:43,2026-03-13,ABBV,HOLD,0,Z-Score Mean Reversion,HIGH,5,101.88,225.37,3.75,0.0,7.5,0.0,0.0,2026-04-10,1.03,0.8,80.0,30.74,19.52,9.64,-18.04,28.6,5,2025-03-12 to 2026-03-12 (252 days),46.7,0.2408,224.38,212.08,BULLISH,MEDIUM,No special conditions
2026-03-13T13:56:46,2026-03-13,GE,BUY,1,Bollinger Band Mean Reversion,HIGH,5,100.86,306.7,5.81,288.88,11.62,342.34,12.0,2026-05-22,3.22,4.25,100.0,864.18,99.32,40.92,-7.78,70.7,3,2025-03-12 to 2026-03-12 (252 days),37.8,0.3559,319.62,289.42,BULLISH,MEDIUM,High volume; Price at statistical extreme; Strong trend (ADX=33)
2026-03-13T13:58:05,2026-03-13,AFL,BUY,1,Z-Score Mean Reversion,HIGH,5,100.83,109.63,2.92,106.43,5.84,116.03,12.0,2026-04-17,1.21,1.38,100.0,172.67,16.93,9.91,-6.62,35.2,5,2025-03-12 to 2026-03-12 (252 days),40.4,0.1248,111.22,107.02,BULLISH,LOW,No special conditions
2026-03-13T13:57:09,2026-03-13,BLK,EXIT,-1,VWAP Trend,MEDIUM,2,99.18,922.9,6.47,982.61,12.94,803.48,5.54,2026-03-16,0.31,0.24,51.5,1.2,4.0,0.48,-16.05,3.5,33,2025-03-12 to 2026-03-12 (252 days),24.7,0.3346,1071.9,1073.87,BEARISH,MEDIUM,RSI oversold; Price at statistical extreme; Strong trend (ADX=45)
2026-03-13T13:56:51,2026-03-13,INTC,HOLD,0,Stochastic Oscillator,HIGH,5,98.85,45.25,8.36,0.0,16.72,0.0,0.0,2026-04-04,2.45,2.55,100.0,826.17,116.08,-3.41,-8.79,22.8,4,2025-03-12 to 2026-03-12 (252 days),48.7,0.5526,45.84,33.44,BULLISH,HIGH,No special conditions
2026-03-13T13:56:54,2026-03-13,AMGN,HOLD,0,Stochastic Oscillator,HIGH,4,98.78,367.79,3.91,0.0,7.82,0.0,0.0,2026-04-21,0.94,1.03,75.0,4.45,18.47,-3.01,-15.81,39.0,4,2025-03-12 to 2026-03-12 (252 days),48.8,0.2424,354.63,310.48,BULLISH,MEDIUM,No special conditions
2026-03-13T13:56:49,2026-03-13,UNH,HOLD,0,ADX Trend Following,MEDIUM,2,96.39,277.05,4.75,0.0,9.5,0.0,0.0,2026-04-08,-0.16,-0.12,71.4,0.82,-10.07,30.84,-34.83,26.7,7,2025-03-12 to 2026-03-12 (252 days),40.6,0.3024,303.04,310.1,BEARISH,MEDIUM,No special conditions
2026-03-13T13:58:05,2026-03-13,OXY,BUY,1,VWAP Trend,HIGH,6,94.79,58.41,5.4,55.26,10.8,64.72,12.0,2026-03-23,1.28,1.64,56.0,2.1,38.57,8.99,-14.56,10.6,25,2025-03-12 to 2026-03-12 (252 days),74.8,0.4744,46.88,43.89,BULLISH,HIGH,RSI overbought; High volume; Strong trend (ADX=43)
2026-03-13T13:57:51,2026-03-13,EOG,HOLD,0,VWAP Trend,HIGH,5,94.24,133.04,4.56,0.0,9.12,0.0,0.0,2026-03-22,0.8,1.0,56.0,1.62,15.85,4.78,-10.31,9.2,25,2025-03-12 to 2026-03-12 (252 days),69.7,0.276,115.32,112.88,BULLISH,MEDIUM,Strong trend (ADX=48)
2026-03-13T13:56:38,2026-03-13,TSLA,HOLD,0,VWAP Trend,HIGH,6,93.97,395.01,5.31,0.0,10.62,0.0,0.0,2026-03-18,2.22,1.98,61.1,4.49,93.78,34.26,-19.39,5.1,18,2025-03-12 to 2026-03-12 (252 days),41.7,0.3045,421.91,393.31,BULLISH,MEDIUM,No special conditions
2026-03-13T13:57:09,2026-03-13,WELL,HOLD,0,Bollinger Band Mean Reversion,HIGH,5,93.72,206.2,3.1,0.0,6.2,0.0,0.0,2026-05-02,1.7,1.71,100.0,216.63,23.2,-19.23,-5.59,50.7,3,2025-03-12 to 2026-03-12 (252 days),56.0,0.1875,195.75,176.74,BULLISH,LOW,No special conditions
2026-03-13T13:57:06,2026-03-13,LMT,HOLD,0,VWAP Trend,MEDIUM,3,93.71,652.83,4.43,0.0,8.86,0.0,0.0,2026-03-19,0.84,0.75,54.8,1.48,16.66,-28.88,-18.86,6.5,31,2025-03-12 to 2026-03-12 (252 days),55.4,0.2739,605.77,496.31,BULLISH,MEDIUM,No special conditions
2026-03-13T13:58:05,2026-03-13,D,HOLD,0,Z-Score Mean Reversion,HIGH,5,93.6,62.84,3.12,0.0,6.24,0.0,0.0,2026-04-07,1.87,1.79,100.0,255.02,28.4,5.91,-5.92,25.0,6,2025-03-12 to 2026-03-12 (252 days),52.2,0.17,61.22,58.56,BULLISH,LOW,No special conditions
2026-03-13T13:57:33,2026-03-13,WMB,HOLD,0,Stochastic Oscillator,HIGH,5,91.54,73.52,3.12,0.0,6.24,0.0,0.0,2026-04-14,2.13,1.96,100.0,274.09,30.34,-4.92,-4.27,32.2,4,2025-03-12 to 2026-03-12 (252 days),58.4,0.1512,67.77,61.17,BULLISH,LOW,Strong trend (ADX=36)
2026-03-13T13:57:39,2026-03-13,JCI,HOLD,0,Bollinger Band Mean Reversion,HIGH,5,91.08,130.94,4.55,0.0,9.1,0.0,0.0,2026-04-04,2.19,2.02,100.0,377.92,40.51,-27.61,-5.56,22.3,3,2025-03-12 to 2026-03-12 (252 days),42.1,0.2855,128.03,114.06,BULLISH,MEDIUM,Strong trend (ADX=45)
2026-03-13T13:57:32,2026-03-13,GD,HOLD,0,Bollinger Band Mean Reversion,HIGH,5,90.36,355.23,3.67,0.0,7.34,0.0,0.0,2026-04-08,1.89,1.98,100.0,226.24,24.27,-15.17,-4.68,26.7,3,2025-03-12 to 2026-03-12 (252 days),49.6,0.2326,355.06,327.16,BULLISH,MEDIUM,No special conditions
2026-03-13T13:57:49,2026-03-13,RCL,HOLD,0,VWAP Trend,HIGH,6,90.35,266.49,9.59,0.0,19.18,0.0,0.0,2026-03-17,1.36,1.3,58.6,2.02,50.31,19.77,-18.83,4.2,29,2025-03-12 to 2026-03-12 (252 days),34.6,0.466,302.25,300.28,BULLISH,HIGH,Price at statistical extreme; Strong trend (ADX=44)
2026-03-13T13:58:02,2026-03-13,FTNT,HOLD,0,Z-Score Mean Reversion,MEDIUM,3,90.24,84.4,5.4,0.0,10.8,0.0,0.0,2026-04-17,0.65,0.46,80.0,1.44,17.58,31.45,-30.44,35.0,5,2025-03-12 to 2026-03-12 (252 days),57.9,0.377,80.53,86.76,BEARISH,MEDIUM,No special conditions
2026-03-13T13:56:56,2026-03-13,KLAC,HOLD,0,Stochastic Oscillator,HIGH,5,88.98,1409.57,7.85,0.0,15.7,0.0,0.0,2026-04-01,2.13,1.43,100.0,327.87,36.5,-72.85,-6.03,19.7,3,2025-03-12 to 2026-03-12 (252 days),45.8,0.4681,1448.85,1122.03,BULLISH,HIGH,No special conditions
2026-03-13T13:57:49,2026-03-13,KMI,HOLD,0,Stochastic Oscillator,HIGH,5,88.91,33.36,2.86,0.0,5.72,0.0,0.0,2026-04-08,2.08,1.76,100.0,294.96,32.98,1.62,-6.34,26.2,6,2025-03-12 to 2026-03-12 (252 days),66.2,0.1383,30.39,27.67,BULLISH,LOW,Strong trend (ADX=43)
2026-03-13T13:56:48,2026-03-13,PM,HOLD,0,Composite Multi-Indicator,HIGH,5,88.05,172.0,4.68,0.0,9.36,0.0,0.0,2026-06-12,2.0,1.56,100.0,249.68,25.05,7.29,-6.14,91.0,1,2025-03-12 to 2026-03-12 (252 days),42.9,0.3231,175.17,165.45,BULLISH,MEDIUM,Strong trend (ADX=40)
2026-03-13T13:57:53,2026-03-13,CL,BUY,1,VWAP Trend,MEDIUM,2,87.48,87.95,3.56,84.82,7.12,94.21,0.0,2026-03-20,-0.54,-0.73,43.3,0.73,-9.86,-9.08,-24.6,7.8,30,2025-03-12 to 2026-03-12 (252 days),35.5,0.2406,89.33,84.01,BULLISH,MEDIUM,Price at statistical extreme; Strong trend (ADX=46)
2026-03-13T13:57:20,2026-03-13,HCA,HOLD,0,Z-Score Mean Reversion,HIGH,5,87.11,532.58,4.17,0.0,8.34,0.0,0.0,2026-03-28,2.34,1.35,100.0,302.87,33.95,-37.92,-8.29,15.5,4,2025-03-12 to 2026-03-12 (252 days),54.0,0.2237,504.53,438.52,BULLISH,MEDIUM,Strong trend (ADX=35)
2026-03-13T13:57:55,2026-03-13,COR,BUY,1,Stochastic Oscillator,HIGH,5,86.59,352.65,3.47,340.41,6.94,377.12,12.0,2026-04-05,1.76,1.4,100.0,192.31,20.55,-19.47,-5.19,23.2,4,2025-03-12 to 2026-03-12 (252 days),44.3,0.246,354.28,322.63,BULLISH,MEDIUM,No special conditions
2026-03-13T13:57:52,2026-03-13,VLO,HOLD,0,Stochastic Oscillator,HIGH,5,86.11,235.81,5.81,0.0,11.62,0.0,0.0,2026-04-11,2.5,3.05,100.0,596.54,73.44,-20.99,-7.57,29.0,4,2025-03-12 to 2026-03-12 (252 days),73.3,0.3985,194.85,163.44,BULLISH,MEDIUM,RSI overbought; Strong trend (ADX=58)
2026-03-13T13:56:46,2026-03-13,AMD,HOLD,0,Stochastic Oscillator,HIGH,5,86.1,197.74,7.12,0.0,14.24,0.0,0.0,2026-04-16,1.82,2.66,100.0,941.33,116.13,19.41,-11.65,34.2,4,2025-03-12 to 2026-03-12 (252 days),44.2,0.5445,216.56,190.42,BULLISH,HIGH,No special conditions
2026-03-13T13:57:02,2026-03-13,APH,HOLD,0,Stochastic Oscillator,HIGH,5,85.14,131.47,7.28,0.0,14.56,0.0,0.0,2026-03-30,1.59,1.21,100.0,189.96,18.67,-92.82,-3.85,17.0,2,2025-03-12 to 2026-03-12 (252 days),40.4,0.4367,143.74,123.45,BULLISH,HIGH,No special conditions
2026-03-13T13:57:21,2026-03-13,NOW,HOLD,0,ADX Trend Following,HIGH,5,85.06,112.97,7.45,0.0,14.9,0.0,0.0,2026-03-30,1.7,2.93,83.3,12.17,42.82,75.93,-7.73,17.2,6,2025-03-12 to 2026-03-12 (252 days),47.3,0.4521,121.4,167.68,BEARISH,HIGH,No special conditions
2026-03-13T13:57:48,2026-03-13,CMI,HOLD,0,ADX Trend Following,HIGH,5,84.58,538.75,5.4,0.0,10.8,0.0,0.0,2026-04-30,2.41,2.83,80.0,17.26,81.91,15.64,-10.73,48.4,5,2025-03-12 to 2026-03-12 (252 days),39.4,0.2975,569.56,445.59,BULLISH,MEDIUM,No special conditions
2026-03-13T13:57:35,2026-03-13,MRSH,HOLD,0,Stochastic Oscillator,MEDIUM,3,84.29,170.88,3.68,0.0,7.36,0.0,0.0,2026-04-16,0.42,0.46,66.7,1.69,5.15,29.59,-14.8,34.3,6,2025-03-12 to 2026-03-12 (252 days),33.7,0.2103,181.45,194.52,BEARISH,MEDIUM,No special conditions
2026-03-13T13:57:18,2026-03-13,NEM,HOLD,0,ADX Trend Following,HIGH,5,84.04,114.48,7.07,0.0,14.14,0.0,0.0,2026-04-21,1.84,1.95,85.7,18.0,88.14,-78.7,-19.99,39.6,7,2025-03-12 to 2026-03-12 (252 days),43.1,0.4837,117.6,86.0,BULLISH,HIGH,Strong trend (ADX=33)
2026-03-13T13:56:36,2026-03-13,NVDA,HOLD,0,VWAP Trend,HIGH,6,83.82,183.14,5.04,0.0,10.08,0.0,0.0,2026-03-17,1.38,1.25,73.9,2.96,33.96,-24.6,-13.63,4.3,23,2025-03-12 to 2026-03-12 (252 days),48.2,0.3581,185.6,177.15,BULLISH,MEDIUM,No special conditions
2026-03-13T13:58:01,2026-03-13,NSC,HOLD,0,Stochastic Oscillator,HIGH,5,83.77,291.26,3.18,0.0,6.36,0.0,0.0,2026-04-16,2.06,2.54,100.0,331.1,36.65,7.84,-3.99,34.0,4,2025-03-12 to 2026-03-12 (252 days),31.2,0.1615,299.5,281.57,BULLISH,LOW,Price at statistical extreme; Strong trend (ADX=43)
2026-03-13T13:58:03,2026-03-13,TEL,HOLD,0,Stochastic Oscillator,HIGH,4,83.42,197.84,7.51,0.0,15.02,0.0,0.0,2026-04-06,0.6,0.39,100.0,170.54,11.71,-28.18,-14.35,24.2,4,2025-03-12 to 2026-03-12 (252 days),33.3,0.4561,225.34,211.22,BULLISH,HIGH,No special conditions
2026-03-13T13:57:56,2026-03-13,GM,HOLD,0,Bollinger Band Mean Reversion,HIGH,5,83.19,73.45,5.66,0.0,11.32,0.0,0.0,2026-04-01,1.68,2.18,100.0,411.25,41.9,-13.27,-4.64,19.3,3,2025-03-12 to 2026-03-12 (252 days),33.2,0.2728,80.8,65.38,BULLISH,MEDIUM,Strong trend (ADX=36)
2026-03-13T13:57:56,2026-03-13,ROST,HOLD,0,MACD Crossover,HIGH,5,82.95,209.84,4.28,0.0,8.56,0.0,0.0,2026-04-08,1.28,1.25,75.0,10.83,26.31,-41.73,-13.77,26.4,8,2025-03-12 to 2026-03-12 (252 days),61.7,0.3263,195.29,161.93,BULLISH,MEDIUM,Strong trend (ADX=40)
2026-03-13T13:56:50,2026-03-13,GS,BUY,1,VWAP Trend,HIGH,5,82.68,787.52,6.71,734.68,13.42,893.21,12.0,2026-03-17,1.59,1.68,53.8,2.52,25.2,-25.09,-12.81,4.0,26,2025-03-12 to 2026-03-12 (252 days),29.7,0.4072,907.65,785.44,BULLISH,HIGH,RSI oversold; Price at statistical extreme; Strong trend (ADX=39)
2026-03-13T13:56:50,2026-03-13,WFC,BUY,1,Z-Score Mean Reversion,HIGH,5,82.32,75.25,6.44,70.4,12.88,84.94,12.0,2026-03-31,1.53,1.29,100.0,426.63,33.35,21.76,-13.27,18.7,6,2025-03-12 to 2026-03-12 (252 days),26.8,0.3303,88.16,83.26,BULLISH,MEDIUM,RSI oversold; Price at statistical extreme; Strong trend (ADX=48)
2026-03-13T13:57:55,2026-03-13,AON,HOLD,0,Stochastic Oscillator,HIGH,4,82.31,315.91,4.02,0.0,8.04,0.0,0.0,2026-04-23,0.6,0.48,80.0,2.44,10.84,31.26,-15.94,41.6,5,2025-03-12 to 2026-03-12 (252 days),38.1,0.2582,335.86,350.93,BEARISH,MEDIUM,No special conditions
2026-03-13T13:56:51,2026-03-13,IBM,HOLD,0,VWAP Trend,HIGH,5,82.04,247.68,6.3,0.0,12.6,0.0,0.0,2026-03-18,1.39,1.2,46.2,1.96,29.68,27.99,-9.14,5.5,26,2025-03-12 to 2026-03-12 (252 days),41.6,0.5747,277.45,276.65,BULLISH,HIGH,No special conditions
2026-03-13T13:57:01,2026-03-13,TJX,HOLD,0,Stochastic Oscillator,HIGH,5,81.77,155.79,3.68,0.0,7.36,0.0,0.0,2026-04-08,1.75,1.45,66.7,11.44,15.73,-21.16,-4.91,26.7,3,2025-03-12 to 2026-03-12 (252 days),46.5,0.1875,155.27,141.52,BULLISH,LOW,No special conditions
2026-03-13T13:56:43,2026-03-13,CVX,HOLD,0,Composite Multi-Indicator,HIGH,5,81.01,196.97,3.17,0.0,6.34,0.0,0.0,2026-06-28,1.87,1.62,100.0,242.76,24.36,-10.62,-5.86,107.0,1,2025-03-12 to 2026-03-12 (252 days),72.3,0.2197,174.57,154.92,BULLISH,MEDIUM,RSI overbought; High volume; Price at statistical extreme; Strong trend (ADX=34)
2026-03-13T13:57:34,2026-03-13,STX,HOLD,0,ADX Trend Following,HIGH,5,80.79,373.98,9.98,0.0,19.96,0.0,0.0,2026-04-03,2.49,3.23,60.0,9.09,166.21,-175.96,-21.95,21.6,10,2025-03-12 to 2026-03-12 (252 days),46.9,0.6254,372.38,242.78,BULLISH,HIGH,No special conditions
2026-03-13T13:57:37,2026-03-13,PNC,HOLD,0,VWAP Trend,HIGH,5,80.51,202.69,5.12,0.0,10.24,0.0,0.0,2026-03-18,1.01,0.85,51.9,1.68,17.39,-5.55,-11.64,5.3,27,2025-03-12 to 2026-03-12 (252 days),30.8,0.2975,220.69,197.28,BULLISH,MEDIUM,Strong trend (ADX=46)
2026-03-13T13:57:25,2026-03-13,GLW,HOLD,0,MACD Crossover,HIGH,5,80.49,129.77,11.68,0.0,23.36,0.0,0.0,2026-04-03,2.66,3.45,55.6,10.67,133.58,-57.8,-12.69,21.3,9,2025-03-12 to 2026-03-12 (252 days),49.0,0.7574,115.8,82.31,BULLISH,HIGH,No special conditions
2026-03-13T13:57:04,2026-03-13,APP,HOLD,0,ADX Trend Following,HIGH,5,80.48,449.33,10.36,0.0,20.72,0.0,0.0,2026-04-13,1.21,1.31,62.5,2.65,70.49,5.32,-42.31,31.8,8,2025-03-12 to 2026-03-12 (252 days),46.9,1.0945,505.62,513.51,BEARISH,HIGH,No special conditions
2026-03-13T13:57:44,2026-03-13,ECL,HOLD,0,VWAP Trend,HIGH,6,79.9,275.89,3.7,0.0,7.4,0.0,0.0,2026-03-15,1.16,0.99,64.7,1.79,16.08,6.81,-8.14,2.7,34,2025-03-12 to 2026-03-12 (252 days),30.6,0.185,285.95,272.05,BULLISH,LOW,Strong trend (ADX=55)
2026-03-13T13:58:06,2026-03-13,BKR,HOLD,0,MACD Crossover,HIGH,4,79.77,55.9,5.19,0.0,10.38,0.0,0.0,2026-04-12,1.26,1.44,50.0,2.95,36.24,1.83,-15.55,30.2,8,2025-03-12 to 2026-03-12 (252 days),34.9,0.3056,56.61,47.27,BULLISH,MEDIUM,High volume; Price at statistical extreme; Strong trend (ADX=36)
2026-03-13T13:56:42,2026-03-13,COST,HOLD,0,RSI Mean Reversion,MEDIUM,3,79.32,1003.32,2.92,0.0,5.84,0.0,0.0,2027-01-12,0.42,0.55,100.0,62.25,6.24,-2.61,-19.35,305.0,1,2025-03-12 to 2026-03-12 (252 days),55.6,0.2052,966.83,948.45,BULLISH,MEDIUM,No special conditions
2026-03-13T13:57:45,2026-03-13,CTAS,HOLD,0,Stochastic Oscillator,HIGH,4,79.19,193.26,4.34,0.0,8.68,0.0,0.0,2026-04-15,0.54,0.55,60.0,2.35,7.96,6.54,-9.46,33.6,5,2025-03-12 to 2026-03-12 (252 days),42.6,0.2078,194.49,201.38,BEARISH,MEDIUM,Strong trend (ADX=30)
2026-03-13T13:57:29,2026-03-13,DUK,HOLD,0,RSI Mean Reversion,HIGH,5,78.52,131.82,2.61,0.0,5.22,0.0,0.0,2026-05-21,1.33,0.9,100.0,81.3,8.16,-8.93,-2.26,69.0,1,2025-03-12 to 2026-03-12 (252 days),66.7,0.1482,122.76,119.7,BULLISH,LOW,Strong trend (ADX=30)
2026-03-13T13:57:09,2026-03-13,COP,HOLD,0,ADX Trend Following,LOW,1,78.5,120.26,4.36,0.0,8.72,0.0,0.0,2026-03-28,-0.17,-0.16,46.2,0.7,-7.66,-35.02,-28.81,15.0,13,2025-03-12 to 2026-03-12 (252 days),68.3,0.2869,105.13,94.08,BULLISH,MEDIUM,Strong trend (ADX=31)
2026-03-13T13:57:39,2026-03-13,CDNS,HOLD,0,Z-Score Mean Reversion,HIGH,5,78.37,290.32,6.02,0.0,12.04,0.0,0.0,2026-04-03,1.59,1.89,100.0,510.03,53.05,31.6,-16.62,21.3,6,2025-03-12 to 2026-03-12 (252 days),45.1,0.5149,302.64,322.91,BEARISH,HIGH,No special conditions
2026-03-13T13:58:06,2026-03-13,VST,HOLD,0,Z-Score Mean Reversion,HIGH,5,78.27,159.58,7.81,0.0,15.62,0.0,0.0,2026-04-10,1.26,1.24,80.0,5.11,50.96,19.21,-25.15,28.2,5,2025-03-12 to 2026-03-12 (252 days),45.1,0.4251,163.34,181.69,BEARISH,HIGH,Strong trend (ADX=33)
2026-03-13T13:57:53,2026-03-13,MDLZ,HOLD,0,RSI Mean Reversion,MEDIUM,3,77.89,54.35,3.99,0.0,7.98,0.0,0.0,2026-09-19,0.09,0.1,100.0,2.77,0.28,14.05,-18.62,190.0,1,2025-03-12 to 2026-03-12 (252 days),31.3,0.2965,57.97,60.38,BEARISH,MEDIUM,Price at statistical extreme; Strong trend (ADX=35)
2026-03-13T13:57:27,2026-03-13,CMCSA,HOLD,0,VWAP Trend,MEDIUM,2,77.62,30.16,4.3,0.0,8.6,0.0,0.0,2026-03-23,-0.49,-0.62,46.4,0.74,-11.63,-6.83,-28.14,10.1,28,2025-03-12 to 2026-03-12 (252 days),43.4,0.2253,29.95,29.29,BULLISH,MEDIUM,Price at statistical extreme
2026-03-13T13:57:37,2026-03-13,BK,HOLD,0,Stochastic Oscillator,HIGH,4,77.56,117.12,4.59,0.0,9.18,0.0,0.0,2026-04-08,0.79,0.42,66.7,23.78,12.06,-36.25,-14.01,26.0,3,2025-03-12 to 2026-03-12 (252 days),47.2,0.3011,119.38,106.81,BULLISH,MEDIUM,Strong trend (ADX=32)
2026-03-13T13:57:23,2026-03-13,MO,HOLD,0,RSI Mean Reversion,HIGH,5,77.27,67.72,3.12,0.0,6.24,0.0,0.0,2026-05-28,1.2,1.14,100.0,94.66,9.5,-16.15,-6.08,76.0,1,2025-03-12 to 2026-03-12 (252 days),57.0,0.1789,63.73,60.84,BULLISH,LOW,No special conditions
2026-03-13T13:58:03,2026-03-13,O,HOLD,0,Z-Score Mean Reversion,HIGH,5,77.22,65.03,2.69,0.0,5.38,0.0,0.0,2026-04-09,1.41,1.17,80.0,17.02,16.28,-5.73,-7.02,27.2,5,2025-03-12 to 2026-03-12 (252 days),54.4,0.1631,62.23,57.81,BULLISH,LOW,No special conditions
2026-03-13T13:57:36,2026-03-13,UPS,HOLD,0,MACD Crossover,MEDIUM,2,76.5,97.89,5.37,0.0,10.74,0.0,0.0,2026-04-06,0.05,0.05,66.7,1.01,-1.23,8.07,-19.32,24.9,9,2025-03-12 to 2026-03-12 (252 days),27.0,0.2855,108.62,94.61,BULLISH,MEDIUM,RSI oversold; Strong trend (ADX=45)
2026-03-13T13:57:13,2026-03-13,ETN,HOLD,0,ADX Trend Following,HIGH,5,76.04,348.64,5.72,0.0,11.44,0.0,0.0,2026-03-28,1.62,1.85,55.6,3.46,36.79,16.18,-14.06,15.2,9,2025-03-12 to 2026-03-12 (252 days),42.5,0.3237,352.27,353.43,BEARISH,MEDIUM,No special conditions
2026-03-13T13:56:51,2026-03-13,LIN,HOLD,0,VWAP Trend,MEDIUM,2,75.7,490.41,3.27,0.0,6.54,0.0,0.0,2026-03-18,0.14,0.15,44.8,1.07,0.91,-9.67,-13.63,5.6,29,2025-03-12 to 2026-03-12 (252 days),56.8,0.1952,463.54,453.34,BULLISH,LOW,Strong trend (ADX=37)
2026-03-13T13:57:54,2026-03-13,TDG,BUY,1,Z-Score Mean Reversion,HIGH,5,75.17,1225.95,4.11,1175.56,8.22,1326.72,12.0,2026-04-10,1.33,1.5,75.0,39.73,20.94,22.09,-8.44,28.0,4,2025-03-12 to 2026-03-12 (252 days),30.3,0.2134,1345.78,1342.72,BULLISH,MEDIUM,High volume; Price at statistical extreme; Strong trend (ADX=34)
2026-03-13T13:57:45,2026-03-13,ORLY,HOLD,0,RSI Mean Reversion,MEDIUM,3,74.76,92.98,3.67,0.0,7.34,0.0,0.0,2026-06-12,0.49,0.36,100.0,45.46,4.56,-1.99,-11.17,91.0,1,2025-03-12 to 2026-03-12 (252 days),44.4,0.2627,94.69,97.01,BEARISH,MEDIUM,No special conditions
2026-03-13T13:57:30,2026-03-13,DELL,HOLD,0,RSI Mean Reversion,HIGH,5,74.46,149.91,8.1,0.0,16.2,0.0,0.0,2026-05-23,1.51,1.78,100.0,617.74,70.68,8.93,-20.67,71.0,2,2025-03-12 to 2026-03-12 (252 days),66.3,0.9264,124.95,129.66,BEARISH,HIGH,Strong trend (ADX=34)
2026-03-13T13:56:59,2026-03-13,TXN,HOLD,0,MACD Crossover,HIGH,4,74.27,190.05,5.11,0.0,10.22,0.0,0.0,2026-04-01,1.34,1.84,50.0,2.66,34.05,22.42,-20.07,19.6,10,2025-03-12 to 2026-03-12 (252 days),31.7,0.2613,203.66,187.91,BULLISH,MEDIUM,Strong trend (ADX=42)
2026-03-13T13:56:39,2026-03-13,JPM,BUY,1,Z-Score Mean Reversion,HIGH,5,74.17,282.89,4.64,269.76,9.28,309.14,12.0,2026-04-11,1.02,0.82,100.0,248.21,20.51,-6.28,-15.75,29.5,4,2025-03-12 to 2026-03-12 (252 days),31.5,0.2388,308.07,298.8,BULLISH,MEDIUM,Price at statistical extreme; Strong trend (ADX=45)
2026-03-13T13:56:36,2026-03-13,GOOGL,HOLD,0,Stochastic Oscillator,HIGH,4,73.77,303.55,3.73,0.0,7.46,0.0,0.0,2026-04-10,0.76,0.7,66.7,5.05,13.0,-69.71,-15.16,28.7,3,2025-03-12 to 2026-03-12 (252 days),42.5,0.2337,318.98,255.48,BULLISH,MEDIUM,No special conditions
2026-03-13T13:56:44,2026-03-13,PG,HOLD,0,VWAP Trend,MEDIUM,2,73.6,150.5,3.48,0.0,6.96,0.0,0.0,2026-03-22,0.13,0.19,39.3,1.07,0.87,9.06,-14.88,9.9,28,2025-03-12 to 2026-03-12 (252 days),38.4,0.2439,152.47,151.8,BULLISH,MEDIUM,Strong trend (ADX=31)
2026-03-13T13:57:32,2026-03-13,WDC,HOLD,0,MACD Crossover,HIGH,5,73.13,261.18,10.7,0.0,21.4,0.0,0.0,2026-04-07,2.71,3.21,62.5,8.96,195.25,-319.75,-24.1,25.2,8,2025-03-12 to 2026-03-12 (252 days),49.1,0.6332,250.34,142.24,BULLISH,HIGH,No special conditions
2026-03-13T13:56:47,2026-03-13,CSCO,HOLD,0,Bollinger Band Mean Reversion,HIGH,4,72.95,77.74,3.84,0.0,7.68,0.0,0.0,2026-04-21,0.72,0.42,100.0,102.24,10.5,-21.35,-13.39,39.5,2,2025-03-12 to 2026-03-12 (252 days),47.0,0.5049,78.01,71.65,BULLISH,HIGH,No special conditions
2026-03-13T13:57:31,2026-03-13,WM,HOLD,0,Z-Score Mean Reversion,HIGH,5,72.95,238.61,3.4,0.0,6.8,0.0,0.0,2026-04-15,1.35,1.41,66.7,5.23,18.81,10.11,-14.14,33.5,6,2025-03-12 to 2026-03-12 (252 days),55.1,0.2446,229.18,222.64,BULLISH,MEDIUM,Strong trend (ADX=30)
2026-03-13T13:56:37,2026-03-13,GOOG,HOLD,0,Stochastic Oscillator,HIGH,4,72.92,303.21,3.68,0.0,7.36,0.0,0.0,2026-04-12,0.83,0.79,66.7,16.24,14.61,-65.85,-15.17,30.3,3,2025-03-12 to 2026-03-12 (252 days),42.0,0.2265,319.27,256.15,BULLISH,MEDIUM,No special conditions
2026-03-13T13:57:12,2026-03-13,QCOM,BUY,1,Z-Score Mean Reversion,HIGH,5,67.18,131.15,4.88,124.75,9.76,143.95,12.0,2026-04-07,1.09,1.08,100.0,579.76,34.15,46.35,-22.1,25.4,5,2025-03-12 to 2026-03-12 (252 days),31.4,0.2545,150.43,158.22,BEARISH,MEDIUM,Price at statistical extreme; Strong trend (ADX=33)
2026-03-13T13:57:21,2026-03-13,MCK,HOLD,0,VWAP Trend,MEDIUM,2,66.95,944.36,3.52,0.0,7.04,0.0,0.0,2026-03-15,0.26,0.27,44.4,1.23,3.37,-44.85,-14.83,2.9,27,2025-03-12 to 2026-03-12 (252 days),53.5,0.2953,888.83,785.56,BULLISH,MEDIUM,No special conditions
2026-03-13T13:57:02,2026-03-13,BA,HOLD,0,SMA Crossover (10/50),MEDIUM,2,65.74,204.76,5.55,0.0,11.1,0.0,0.0,2026-05-26,0.27,0.23,66.7,1.39,3.54,-25.53,-21.35,74.0,3,2025-03-12 to 2026-03-12 (252 days),29.4,0.3237,234.45,219.16,BULLISH,MEDIUM,RSI oversold; High volume; Price at statistical extreme; Strong trend (ADX=36)
2026-03-13T13:56:38,2026-03-13,BRK-B,HOLD,0,Z-Score Mean Reversion,MEDIUM,3,65.56,491.89,2.88,0.0,5.76,0.0,0.0,2026-05-28,0.42,0.49,66.7,3.54,5.17,5.99,-14.95,76.3,3,2025-03-12 to 2026-03-12 (252 days),47.6,0.2304,493.92,491.73,BULLISH,MEDIUM,No special conditions
2026-03-13T13:57:39,2026-03-13,NKE,HOLD,0,Stochastic Oscillator,MEDIUM,3,63.56,54.13,5.12,0.0,10.24,0.0,0.0,2026-04-24,0.31,0.36,60.0,1.64,4.86,29.53,-27.72,42.2,5,2025-03-12 to 2026-03-12 (252 days),25.8,0.2905,62.33,66.41,BEARISH,MEDIUM,RSI oversold; Strong trend (ADX=42)
2026-03-13T13:57:43,2026-03-13,REGN,HOLD,1,Bollinger Band Mean Reversion,LOW,1,61.64,746.61,4.83,710.55,9.66,818.73,0.0,2026-05-15,-0.03,-0.02,50.0,0.7,-5.53,-14.44,-24.43,63.5,2,2025-03-12 to 2026-03-12 (252 days),42.7,0.3056,769.88,644.36,BULLISH,MEDIUM,Price at statistical extreme
2026-03-13T13:57:16,2026-03-13,PLD,HOLD,0,EMA Crossover (9/21),HIGH,4,61.03,131.9,3.83,0.0,7.66,0.0,0.0,2026-05-07,0.73,1.0,60.0,3.02,12.43,-5.68,-12.2,55.0,5,2025-03-12 to 2026-03-12 (252 days),38.1,0.2231,134.16,119.13,BULLISH,MEDIUM,Price at statistical extreme; Strong trend (ADX=36)
2026-03-13T13:57:41,2026-03-13,SHW,HOLD,0,Stochastic Oscillator,HIGH,4,58.37,317.7,4.91,0.0,9.82,0.0,0.0,2026-05-02,0.68,0.94,75.0,8.3,11.98,20.39,-11.35,50.8,4,2025-03-12 to 2026-03-12 (252 days),26.4,0.2235,350.13,344.8,BULLISH,MEDIUM,RSI oversold; Strong trend (ADX=53)
2026-03-13T13:58:00,2026-03-13,CVNA,HOLD,0,Stochastic Oscillator,HIGH,4,57.91,292.64,10.65,0.0,21.3,0.0,0.0,2026-04-11,0.96,0.79,100.0,594.66,45.01,-18.53,-28.17,29.0,4,2025-03-12 to 2026-03-12 (252 days),33.0,0.6118,391.56,365.77,BULLISH,HIGH,Price at statistical extreme; Strong trend (ADX=45)
2026-03-13T13:57:14,2026-03-13,DHR,HOLD,0,Stochastic Oscillator,HIGH,4,57.62,186.26,3.86,0.0,7.72,0.0,0.0,2026-04-05,0.78,0.87,100.0,339.19,17.73,26.32,-16.63,23.0,5,2025-03-12 to 2026-03-12 (252 days),23.1,0.2607,219.9,209.87,BULLISH,MEDIUM,RSI oversold; Price at statistical extreme; Strong trend (ADX=62)
2026-03-13T13:58:00,2026-03-13,CRH,BUY,1,Z-Score Mean Reversion,MEDIUM,3,56.46,99.73,6.03,93.72,12.06,111.76,10.0,2026-04-04,0.06,0.06,80.0,19.48,-1.18,-3.72,-17.38,22.6,5,2025-03-12 to 2026-03-12 (252 days),21.2,0.3191,121.11,111.59,BULLISH,MEDIUM,RSI oversold; Price at statistical extreme; Strong trend (ADX=54)
2026-03-13T13:57:22,2026-03-13,PH,HOLD,0,VWAP Trend,HIGH,6,56.0,902.17,4.82,0.0,9.64,0.0,0.0,2026-03-18,1.28,1.0,56.5,2.63,27.37,-21.36,-16.58,5.7,23,2025-03-12 to 2026-03-12 (252 days),33.3,0.2894,955.46,805.77,BULLISH,MEDIUM,Price at statistical extreme; Strong trend (ADX=41)
2026-03-13T13:57:46,2026-03-13,EMR,HOLD,0,ADX Trend Following,HIGH,5,55.67,132.18,5.75,0.0,11.5,0.0,0.0,2026-04-02,1.41,1.39,60.0,3.95,30.39,9.06,-15.09,20.4,10,2025-03-12 to 2026-03-12 (252 days),33.8,0.4161,146.79,135.66,BULLISH,HIGH,Price at statistical extreme; Strong trend (ADX=37)
2026-03-13T13:56:42,2026-03-13,MA,HOLD,0,Stochastic Oscillator,MEDIUM,3,55.05,497.31,4.03,0.0,8.06,0.0,0.0,2026-04-19,0.3,0.28,100.0,89.47,3.95,8.63,-13.93,37.5,4,2025-03-12 to 2026-03-12 (252 days),34.2,0.2764,535.98,558.16,BEARISH,MEDIUM,No special conditions
2026-03-13T13:57:04,2026-03-13,DE,HOLD,0,Stochastic Oscillator,HIGH,4,52.78,585.83,4.38,0.0,8.76,0.0,0.0,2026-04-18,0.84,1.23,66.7,7.14,13.59,-12.51,-8.65,36.7,3,2025-03-12 to 2026-03-12 (252 days),46.9,0.4961,558.56,502.36,BULLISH,HIGH,Strong trend (ADX=31)
2026-03-13T13:58:01,2026-03-13,APD,HOLD,0,ADX Trend Following,LOW,1,52.64,290.48,3.36,0.0,6.72,0.0,0.0,2026-03-31,-0.26,-0.23,40.0,0.74,-7.32,-8.54,-24.54,18.5,10,2025-03-12 to 2026-03-12 (252 days),65.5,0.2636,271.58,270.11,BULLISH,MEDIUM,High volume; Price at statistical extreme; Strong trend (ADX=30)
2026-03-13T13:57:54,2026-03-13,RSG,HOLD,0,Z-Score Mean Reversion,HIGH,4,52.48,225.78,2.85,0.0,5.7,0.0,0.0,2026-05-07,0.81,0.99,75.0,2.99,10.39,11.47,-15.67,55.2,4,2025-03-12 to 2026-03-12 (252 days),53.4,0.2108,218.96,225.79,BEARISH,MEDIUM,No special conditions
2026-03-13T13:56:36,2026-03-13,AAPL,HOLD,0,Bollinger Band Mean Reversion,MEDIUM,3,51.41,255.76,3.52,0.0,7.04,0.0,0.0,2026-04-30,0.44,0.39,66.7,11.14,8.72,-9.75,-22.99,48.0,3,2025-03-12 to 2026-03-12 (252 days),39.8,0.2951,263.03,244.94,BULLISH,MEDIUM,No special conditions
2026-03-13T13:57:20,2026-03-13,PGR,HOLD,0,Stochastic Oscillator,LOW,1,50.58,205.18,3.39,0.0,6.78,0.0,0.0,2026-06-21,-0.66,-0.69,50.0,0.33,-11.68,9.68,-24.13,100.0,2,2025-03-12 to 2026-03-12 (252 days),46.4,0.2376,207.62,222.43,BEARISH,MEDIUM,No special conditions
2026-03-13T13:56:43,2026-03-13,NFLX,HOLD,0,RSI Mean Reversion,MEDIUM,3,50.49,94.31,5.73,0.0,11.46,0.0,0.0,2026-05-31,0.28,0.28,100.0,37.08,3.72,1.16,-20.31,79.0,1,2025-03-12 to 2026-03-12 (252 days),60.3,0.6029,86.94,109.22,BEARISH,HIGH,Strong trend (ADX=47)
2026-03-13T13:57:16,2026-03-13,SPGI,HOLD,0,MACD Crossover,LOW,1,50.2,419.7,4.73,0.0,9.46,0.0,0.0,2026-04-04,0.0,0.0,50.0,1.04,-1.52,10.07,-12.24,22.5,8,2025-03-12 to 2026-03-12 (252 days),36.8,0.2939,477.15,503.44,BEARISH,MEDIUM,No special conditions
2026-03-13T13:58:04,2026-03-13,BDX,HOLD,-1,VWAP Trend,LOW,1,48.03,159.63,4.26,166.43,8.52,146.03,0.0,2026-03-21,0.16,0.15,45.2,1.08,0.39,7.57,-22.31,8.0,31,2025-03-12 to 2026-03-12 (252 days),33.0,0.2014,165.52,149.13,BULLISH,MEDIUM,Strong trend (ADX=46)
2026-03-13T13:56:40,2026-03-13,XOM,HOLD,0,MACD Crossover,MEDIUM,2,47.73,153.53,3.99,0.0,7.98,0.0,0.0,2026-03-29,0.71,0.74,33.3,1.82,11.36,-34.38,-15.67,16.2,12,2025-03-12 to 2026-03-12 (252 days),61.4,0.275,140.03,117.98,BULLISH,MEDIUM,No special conditions
2026-03-13T13:56:45,2026-03-13,HD,HOLD,0,VWAP Trend,HIGH,4,44.86,338.93,4.75,0.0,9.5,0.0,0.0,2026-03-20,1.12,1.56,51.9,1.9,19.5,23.64,-8.9,7.6,27,2025-03-12 to 2026-03-12 (252 days),29.2,0.2247,369.97,371.34,BEARISH,MEDIUM,RSI oversold; Price at statistical extreme; Strong trend (ADX=45)
2026-03-13T13:56:59,2026-03-13,TMO,HOLD,0,ADX Trend Following,MEDIUM,2,44.56,475.89,4.44,0.0,8.88,0.0,0.0,2026-04-09,0.83,1.2,50.0,2.16,16.27,23.14,-11.93,27.0,8,2025-03-12 to 2026-03-12 (252 days),27.1,0.2782,561.17,512.43,BULLISH,MEDIUM,RSI oversold; Price at statistical extreme; Strong trend (ADX=54)
2026-03-13T13:56:54,2026-03-13,T,HOLD,0,Stochastic Oscillator,MEDIUM,2,44.16,27.39,3.82,0.0,7.64,0.0,0.0,2026-04-29,0.38,0.36,66.7,1.63,4.35,-6.85,-12.9,47.3,3,2025-03-12 to 2026-03-12 (252 days),48.9,0.2575,26.16,26.42,BEARISH,MEDIUM,Strong trend (ADX=33)
2026-03-13T13:57:46,2026-03-13,MNST,HOLD,0,VWAP Trend,MEDIUM,3,42.36,76.99,4.06,0.0,8.12,0.0,0.0,2026-03-15,0.51,0.41,66.7,1.35,7.12,-34.6,-7.87,2.9,27,2025-03-12 to 2026-03-12 (252 days),39.1,0.2791,80.05,69.73,BULLISH,MEDIUM,Strong trend (ADX=44)
2026-03-13T13:56:56,2026-03-13,ABT,HOLD,0,Stochastic Oscillator,LOW,1,40.75,108.14,3.28,0.0,6.56,0.0,0.0,2026-04-27,0.21,0.14,75.0,1.32,2.07,17.56,-17.03,45.0,4,2025-03-12 to 2026-03-12 (252 days),37.0,0.2288,115.1,125.51,BEARISH,MEDIUM,Price at statistical extreme
2026-03-13T13:57:25,2026-03-13,CRWD,HOLD,0,ADX Trend Following,MEDIUM,3,38.97,441.54,7.06,0.0,14.12,0.0,0.0,2026-03-30,0.88,1.03,55.6,5.39,24.94,-2.52,-16.45,17.1,9,2025-03-12 to 2026-03-12 (252 days),59.4,0.6235,430.08,468.87,BEARISH,HIGH,Strong trend (ADX=38)
2026-03-13T13:57:46,2026-03-13,MCO,EXIT,-1,VWAP Trend,MEDIUM,3,38.86,426.47,5.68,450.69,11.36,378.02,10.0,2026-03-19,0.91,0.96,52.2,2.08,14.8,17.59,-10.86,6.6,23,2025-03-12 to 2026-03-12 (252 days),34.0,0.4048,484.05,489.45,BEARISH,HIGH,No special conditions
2026-03-13T13:56:37,2026-03-13,AMZN,HOLD,0,Z-Score Mean Reversion,HIGH,4,38.7,209.53,4.16,0.0,8.32,0.0,0.0,2026-04-19,1.24,1.33,80.0,18.39,34.49,29.12,-14.64,37.0,5,2025-03-12 to 2026-03-12 (252 days),43.3,0.267,223.8,224.69,BEARISH,MEDIUM,No special conditions
2026-03-13T13:57:55,2026-03-13,HLT,HOLD,0,ADX Trend Following,HIGH,4,37.99,294.26,4.67,0.0,9.34,0.0,0.0,2026-04-02,1.28,1.61,90.0,4.47,20.88,-8.37,-8.65,20.3,10,2025-03-12 to 2026-03-12 (252 days),37.8,0.2086,303.83,276.71,BULLISH,MEDIUM,Strong trend (ADX=48)
2026-03-13T13:58:01,2026-03-13,ELV,HOLD,1,Stochastic Oscillator,LOW,1,35.63,287.89,6.81,268.28,13.62,327.1,0.0,2026-04-07,-0.32,-0.17,66.7,1.03,-10.15,18.41,-21.4,25.7,3,2025-03-12 to 2026-03-12 (252 days),35.4,0.42,337.16,330.69,BULLISH,HIGH,Strong trend (ADX=55)
2026-03-13T13:58:04,2026-03-13,AZO,BUY,1,Z-Score Mean Reversion,MEDIUM,3,35.1,3614.27,5.14,3428.5,10.28,3985.82,10.0,2026-04-16,0.55,0.56,75.0,2.37,7.15,5.25,-16.64,34.0,4,2025-03-12 to 2026-03-12 (252 days),45.1,0.3814,3633.59,3807.12,BEARISH,MEDIUM,No special conditions
2026-03-13T13:57:34,2026-03-13,AMT,HOLD,1,Z-Score Mean Reversion,LOW,1,33.53,179.86,4.43,171.89,8.86,195.8,0.0,2026-05-26,0.07,0.08,66.7,1.11,-0.26,9.7,-20.14,74.3,3,2025-03-12 to 2026-03-12 (252 days),42.9,0.3294,180.77,191.93,BEARISH,MEDIUM,Price at statistical extreme
2026-03-13T13:57:01,2026-03-13,ISRG,HOLD,1,Z-Score Mean Reversion,LOW,1,33.42,479.27,4.15,459.38,8.3,519.05,0.0,2026-05-14,-0.26,-0.31,66.7,1.37,-9.66,-6.02,-21.1,62.0,3,2025-03-12 to 2026-03-12 (252 days),37.7,0.2573,517.42,511.65,BULLISH,MEDIUM,No special conditions
2026-03-13T13:56:59,2026-03-13,DIS,HOLD,0,EMA Crossover (9/21),MEDIUM,2,33.36,99.43,3.52,0.0,7.04,0.0,0.0,2026-04-19,0.97,0.98,50.0,3.25,17.02,15.22,-14.17,37.5,4,2025-03-12 to 2026-03-12 (252 days),33.1,0.2568,108.22,112.27,BEARISH,MEDIUM,Price at statistical extreme; Strong trend (ADX=47)
2026-03-13T13:57:36,2026-03-13,FCX,HOLD,0,Stochastic Oscillator,HIGH,4,32.41,59.21,8.42,0.0,16.84,0.0,0.0,2026-04-20,1.9,2.0,100.0,527.97,62.18,-1.36,-10.44,38.0,3,2025-03-12 to 2026-03-12 (252 days),41.8,0.4654,61.17,47.3,BULLISH,HIGH,Strong trend (ADX=31)
2026-03-13T13:56:41,2026-03-13,V,HOLD,0,Stochastic Oscillator,HIGH,4,32.16,306.5,3.69,0.0,7.38,0.0,0.0,2026-04-03,1.37,1.54,100.0,289.39,24.35,31.6,-8.0,21.0,5,2025-03-12 to 2026-03-12 (252 days),34.0,0.2428,327.16,339.94,BEARISH,MEDIUM,No special conditions
2026-03-13T13:56:49,2026-03-13,TMUS,HOLD,0,RSI Mean Reversion,MEDIUM,2,31.93,214.37,3.64,0.0,7.28,0.0,0.0,2026-06-18,0.59,0.75,50.0,2.64,9.36,24.12,-19.91,97.5,2,2025-03-12 to 2026-03-12 (252 days),53.1,0.2605,203.06,220.37,BEARISH,MEDIUM,No special conditions
2026-03-13T13:57:33,2026-03-13,ICE,HOLD,0,RSI Mean Reversion,HIGH,4,30.73,158.61,4.12,0.0,8.24,0.0,0.0,2026-05-31,1.24,1.37,100.0,134.19,20.14,25.26,-17.13,79.5,2,2025-03-12 to 2026-03-12 (252 days),44.2,0.2339,164.55,167.73,BEARISH,MEDIUM,No special conditions
2026-03-13T13:58:04,2026-03-13,APO,HOLD,0,Composite Multi-Indicator,MEDIUM,3,30.4,100.3,9.0,0.0,18.0,0.0,0.0,2026-10-29,0.8,0.88,100.0,176.39,17.7,42.31,-23.96,230.0,1,2025-03-12 to 2026-03-12 (252 days),26.6,0.4719,128.2,133.67,BEARISH,HIGH,RSI oversold; Strong trend (ADX=58)
2026-03-13T13:56:44,2026-03-13,PLTR,HOLD,0,MACD Crossover,HIGH,4,26.51,153.5,6.53,0.0,13.06,0.0,0.0,2026-04-02,1.3,1.31,62.5,3.27,52.48,-31.47,-17.5,20.0,8,2025-03-12 to 2026-03-12 (252 days),56.2,0.4161,154.45,162.67,BEARISH,HIGH,Strong trend (ADX=34)
2026-03-13T13:57:05,2026-03-13,UBER,HOLD,0,Bollinger Band Mean Reversion,HIGH,4,26.18,72.97,5.56,0.0,11.12,0.0,0.0,2026-04-19,1.73,1.93,100.0,534.78,48.74,46.24,-15.11,37.3,3,2025-03-12 to 2026-03-12 (252 days),43.3,0.3189,78.1,87.84,BEARISH,MEDIUM,No special conditions
2026-03-13T13:58:02,2026-03-13,PCAR,HOLD,0,Composite Multi-Indicator,HIGH,4,25.78,116.82,4.33,0.0,8.66,0.0,0.0,2026-09-16,1.46,2.58,100.0,282.2,28.32,11.16,-9.59,187.0,1,2025-03-12 to 2026-03-12 (252 days),37.0,0.2754,121.97,103.59,BULLISH,MEDIUM,Price at statistical extreme; Strong trend (ADX=31)
2026-03-13T13:57:37,2026-03-13,SNPS,HOLD,0,EMA Crossover (9/21),MEDIUM,3,24.9,418.72,6.65,0.0,13.3,0.0,0.0,2026-04-15,0.97,0.91,60.0,4.68,22.55,25.74,-14.15,33.0,5,2025-03-12 to 2026-03-12 (252 days),41.3,0.4686,463.1,492.05,BEARISH,HIGH,No special conditions
2026-03-13T13:56:54,2026-03-13,AXP,HOLD,0,VWAP Trend,HIGH,5,24.03,301.89,5.68,0.0,11.36,0.0,0.0,2026-03-17,1.53,1.48,55.6,2.47,39.41,22.33,-11.35,4.6,27,2025-03-12 to 2026-03-12 (252 days),33.2,0.4382,346.31,334.11,BULLISH,HIGH,Strong trend (ADX=45)
2026-03-13T13:57:16,2026-03-13,BX,EXIT,-1,Momentum (Rate of Change),HIGH,4,23.47,102.12,8.77,111.08,17.54,84.21,12.0,2026-05-26,1.06,1.03,100.0,186.66,19.41,44.36,-9.58,74.0,2,2025-03-12 to 2026-03-12 (252 days),25.4,0.4572,135.3,150.25,BEARISH,HIGH,RSI oversold; Strong trend (ADX=54)
2026-03-13T13:57:16,2026-03-13,ACN,HOLD,0,Bollinger Band Mean Reversion,LOW,1,22.73,196.05,7.22,0.0,14.44,0.0,0.0,2026-05-05,-1.04,-1.06,66.7,0.58,-26.34,12.73,-31.4,53.3,3,2025-03-12 to 2026-03-12 (252 days),32.0,0.4965,243.74,259.89,BEARISH,HIGH,Strong trend (ADX=36)
2026-03-13T13:57:41,2026-03-13,KKR,EXIT,-1,Momentum (Rate of Change),MEDIUM,2,22.29,83.88,9.9,92.18,19.8,67.27,10.0,2026-04-05,0.44,0.32,66.7,2.0,5.75,32.04,-12.38,23.7,3,2025-03-12 to 2026-03-12 (252 days),28.9,0.5343,110.3,126.07,BEARISH,HIGH,RSI oversold; Strong trend (ADX=57)
2026-03-13T13:57:53,2026-03-13,DASH,HOLD,0,MACD Crossover,MEDIUM,3,19.65,161.75,8.39,0.0,16.78,0.0,0.0,2026-04-05,0.59,0.59,71.4,3.17,13.13,27.01,-13.83,23.6,7,2025-03-12 to 2026-03-12 (252 days),34.2,0.5922,193.64,227.97,BEARISH,HIGH,No special conditions
2026-03-13T13:57:02,2026-03-13,SCHW,BUY,1,Z-Score Mean Reversion,HIGH,4,16.08,91.24,4.22,87.39,8.44,98.94,12.0,2026-04-06,1.37,1.44,100.0,282.16,20.24,-4.31,-7.85,24.3,3,2025-03-12 to 2026-03-12 (252 days),34.9,0.2145,99.0,94.66,BULLISH,MEDIUM,Price at statistical extreme; Strong trend (ADX=36)
2026-03-13T13:57:27,2026-03-13,COF,BUY,1,RSI Mean Reversion,MEDIUM,3,13.13,177.45,7.3,164.5,14.6,203.36,10.0,2026-05-13,0.68,0.4,100.0,177.65,9.9,4.35,-14.88,61.0,1,2025-03-12 to 2026-03-12 (252 days),28.4,0.4902,217.17,215.69,BULLISH,HIGH,RSI oversold; Strong trend (ADX=52)
2026-03-13T13:57:13,2026-03-13,PANW,HOLD,0,Z-Score Mean Reversion,LOW,0,10.09,168.12,5.18,0.0,10.36,0.0,0.0,2026-04-26,-0.3,-0.29,33.3,0.32,-12.48,-6.13,-32.32,44.0,3,2025-03-12 to 2026-03-12 (252 days),58.0,0.4027,170.42,190.23,BEARISH,HIGH,Strong trend (ADX=32)
2026-03-13T13:56:42,2026-03-13,ORCL,HOLD,0,Stochastic Oscillator,LOW,0,8.31,159.16,8.14,0.0,16.28,0.0,0.0,2026-06-05,-0.02,-0.04,50.0,0.85,-13.86,-20.44,-52.65,84.0,2,2025-03-12 to 2026-03-12 (252 days),52.0,0.5253,167.29,219.61,BEARISH,HIGH,No special conditions
2026-03-13T13:57:28,2026-03-13,ADBE,HOLD,0,Stochastic Oscillator,MEDIUM,2,8.15,269.78,5.47,0.0,10.94,0.0,0.0,2026-04-17,0.4,0.42,60.0,1.58,6.63,45.24,-19.05,35.8,5,2025-03-12 to 2026-03-12 (252 days),45.7,0.3261,288.41,340.29,BEARISH,MEDIUM,High volume
2026-03-13T13:57:29,2026-03-13,BSX,BUY,1,Z-Score Mean Reversion,MEDIUM,2,7.91,68.55,4.6,65.4,9.2,74.86,10.0,2026-04-19,-0.56,-0.41,75.0,3.62,-17.11,11.89,-26.91,37.8,4,2025-03-12 to 2026-03-12 (252 days),27.7,0.273,83.56,96.78,BEARISH,MEDIUM,RSI oversold; Price at statistical extreme; Strong trend (ADX=54)
2026-03-13T13:57:58,2026-03-13,HOOD,HOLD,0,ADX Trend Following,HIGH,4,4.9,76.12,9.42,0.0,18.84,0.0,0.0,2026-04-04,1.69,2.24,70.0,3.52,102.73,6.63,-32.06,22.5,10,2025-03-12 to 2026-03-12 (252 days),41.6,0.6869,93.05,107.62,BEARISH,HIGH,No special conditions
2026-03-13T13:56:57,2026-03-13,CRM,HOLD,0,Bollinger Band Mean Reversion,MEDIUM,2,-1.42,199.28,6.72,0.0,13.44,0.0,0.0,2026-06-29,-0.04,-0.05,100.0,142.62,-5.67,23.94,-26.17,108.0,2,2025-03-12 to 2026-03-12 (252 days),49.8,0.3959,214.03,242.65,BEARISH,MEDIUM,High volume
2026-03-13T13:57:19,2026-03-13,INTU,HOLD,0,MACD Crossover,LOW,1,-2.33,435.13,8.12,0.0,16.24,0.0,0.0,2026-04-02,0.9,1.0,12.5,1.36,18.35,44.33,-14.31,20.6,8,2025-03-12 to 2026-03-12 (252 days),46.6,0.5464,493.69,648.79,BEARISH,HIGH,Strong trend (ADX=36)
2026-03-13T13:57:35,2026-03-13,ADP,HOLD,0,Z-Score Mean Reversion,LOW,1,-3.23,207.45,5.16,0.0,10.32,0.0,0.0,2026-04-20,-0.72,-0.75,60.0,1.36,-14.72,13.29,-25.29,38.8,5,2025-03-12 to 2026-03-12 (252 days),34.4,0.3398,236.36,273.79,BEARISH,MEDIUM,No special conditions
2026-03-13T13:56:37,2026-03-13,MSFT,HOLD,0,EMA Crossover (9/21),MEDIUM,3,-5.94,401.86,3.4,0.0,6.8,0.0,0.0,2026-06-02,1.98,2.71,50.0,82.72,28.9,23.22,-6.44,81.5,2,2025-03-12 to 2026-03-12 (252 days),42.9,0.2167,430.51,481.73,BEARISH,MEDIUM,No special conditions
